{
  "protein": "1UBQ_Ubiquitin",
  "integration_results": {
    "best_energy": -292.51450833255814,
    "total_conformations": 1000,
    "qcpp_analyses": 332,
    "cache_hit_rate": 60.24096385542169,
    "throughput": 212.29135560020853
  },
  "qcpp_predictions": {
    "qcp_mean": 3.745486962432387,
    "qcp_std": 9.560969367290353,
    "stability_score": 0.7490973924864774,
    "qcp_values": [
      8.421568514333156,
      -9.178878152221568,
      20.94427190999916,
      14.543102521777255,
      19.81465378266588,
      -10.685035655332605,
      1.3642243695556862,
      12.843137028666312,
      2.993223295888954,
      3.0691434706667025,
      -5.075851160999637,
      2.371001073666732,
      14.47213595499958,
      2.371001073666732,
      18.308496279554845,
      -4.144994631666339,
      19.81465378266588,
      -4.144994631666339,
      -2.0246300124441463,
      2.138286941333409,
      -9.178878152221568,
      2.682112184777843,
      12.47213595499958,
      -2.589439076110784,
      -0.07249731583316965,
      11.90732689133294,
      -10.685035655332605,
      10.777708763999662,
      -10.685035655332605,
      12.47213595499958,
      -2.589439076110784,
      -0.07249731583316965,
      -0.5379255804998184,
      -0.07249731583316965,
      3.5345717353333512,
      20.94427190999916,
      0.2765738826668156,
      -2.0246300124441463,
      -1.0338835205552286,
      -9.178878152221568,
      -9.178878152221568,
      -12.94427190999916,
      18.308496279554845,
      20.94427190999916,
      9.271551260888629,
      5.294427190999915,
      3.7123495131111293,
      -0.5379255804998184,
      -0.07249731583316965,
      18.308496279554845,
      -4.144994631666339,
      -4.144994631666339,
      3.0691434706667025,
      -12.94427190999916,
      1.3642243695556862,
      18.308496279554845,
      0.9876849937779286,
      -4.144994631666339,
      0.9747162796667883,
      -4.144994631666339,
      20.94427190999916,
      -0.07249731583316965,
      -0.5379255804998184,
      -0.07249731583316965,
      2.4938424968889645,
      1.3642243695556862,
      18.308496279554845,
      -8.04926002488829,
      18.308496279554845,
      19.81465378266588,
      12.843137028666312,
      -6.47213595499958,
      12.843137028666312,
      2.381966011250105,
      3.8561747565555646,
      3.8561747565555646
    ]
  },
  "rmse_validation": {
    "temperature_rmse": 5.436104300540904,
    "deltaG_rmse": 0.7072208601081806,
    "temperature_error_percent": 12.642103024513732,
    "deltaG_error_percent": 12.193463105313459,
    "quality": "GOOD",
    "predicted_temperature": 79.9638956994591,
    "predicted_deltaG": 5.9927791398918195,
    "experimental_temperature": 85.4,
    "experimental_deltaG": 6.7
  },
  "synergy_demonstration": {
    "knowledge_source": "QCPP (Quantum Coherence + Golden Ratio)",
    "intelligence_source": "UBF (Autonomous Agents + Consciousness)",
    "result": "RMSE GOOD"
  }
}